area,name,address,phoneNumber,businessHours,priceType3,priceType2,priceType1,toiletYn,"
BreakfastYn",partyYn,Subtitle,naverlink,url1,url2
제주시,제주공항게스트하우스 웨이브사운드,제주 제주시 관덕로8길 24,0507-1328-0713,"입실 17:00
퇴실 12:00","15,000 ~ 25,000","40,000","30,000",O,X,O,매일 밤 클럽 파티를 즐길 수 있는 게스트하우스,http://naver.me/GMRWkpxL,https://search.pstatic.net/common/?autoRotate=true&quality=95&type=w750&src=https%3A%2F%2Fldb-phinf.pstatic.net%2F20210908_108%2F1631034411484UFvVl_JPEG%2FKakaoTalk_20210908_015016746_02.jpg,https://search.pstatic.net/common/?autoRotate=true&quality=95&type=w750&src=https%3A%2F%2Fldb-phinf.pstatic.net%2F20220428_202%2F16511303462730GbG9_JPEG%2FKakaoTalk_20220428_161615901.jpg
애월,제주도게스트하우스파티 한담누리,제주 제주시 애월읍 일주서로 6158,0507-1448-4440,"입실 17:00
퇴실 10:00","25,000 ~ 30,000","65,000 ~ 75,000",X,O,X,O,애월 카페거리와 가까운 파티형 게스트하우스,http://naver.me/GNyvKejp,https://search.pstatic.net/common/?autoRotate=true&quality=95&type=w750&src=https%3A%2F%2Fldb-phinf.pstatic.net%2F20160207_82%2F1454810790665mlc7N_JPEG%2F176157513649968_3.jpeg,https://search.pstatic.net/common/?autoRotate=true&quality=95&type=w750&src=https%3A%2F%2Fldb-phinf.pstatic.net%2F20190116_90%2F15476261210858YDfY_JPEG%2FXKFXyABchMtGfJFZdbsmgbaE.jpg
서귀포/중문,백패커스홈,제주 서귀포시 중정로 24-7 1층,0507-1444-4009,"입실 16:00
퇴실 11:00","24,000 ~ 28,000","59,000","45,000",O,O,O,바베큐 파티를 즐길 수 있는 편백나무로 만들어진 게스트하우스,http://naver.me/GxOR6KgO,https://search.pstatic.net/common/?autoRotate=true&quality=95&type=w750&src=https%3A%2F%2Fldb-phinf.pstatic.net%2F20211210_186%2F16391376563571tGXK_JPEG%2F%25BA%25B8%25C1%25A4%25BA%25BB_%25BA%25CE%25B4%25EB%25BD%25C3%25BC%25B3_5%25C3%25FE_%25B7%25E7%25C7%25C1%25C5%25BE_%25C0%25FA%25B3%25E1_%25281%2529.jpg,https://search.pstatic.net/common/?autoRotate=true&quality=95&type=w750&src=https%3A%2F%2Fldb-phinf.pstatic.net%2F20211116_64%2F1637019872850rTHoG_JPEG%2F%25282021%2529_%25C7%25C1%25B8%25AE%25B9%25CC%25BE%25F6%25B4%25F5%25BA%25ED%25B7%25EB_407%25C8%25A3_7.jpg
서귀포/중문,미도호스텔,제주 서귀포시 동문동로 13-1 미도호스텔 게스트하우스,0507-1303-7627,"입실 16:00
퇴실 11:00","23,000  ~ 27,000","60,000~66,000","49,000",O,O,X,서귀포 유명 맛집과 가까운 게스트하우스,http://naver.me/FmgVhRKE,https://search.pstatic.net/common/?autoRotate=true&quality=95&type=w750&src=https%3A%2F%2Fldb-phinf.pstatic.net%2F20171201_68%2F1512059878520zxPhQ_JPEG%2F2.jpg,https://search.pstatic.net/common/?autoRotate=true&quality=95&type=w750&src=https%3A%2F%2Fldb-phinf.pstatic.net%2F20201202_41%2F1606902363546n00K7_JPEG%2FCtxUslzMmjgtX2uivC0_gPWq.jpg
서귀포/중문,제주도게스트하우스파티 간장남들,제주 서귀포시 안덕면 사계북로41번길 30,010-9375-9219,"입실 18:00
퇴실 12:00","30,000","65,000 ~ 100,000",X,O,X,O,DJ 파티와 수영장 풀파티가 있는 게스트하우스,http://naver.me/F8KnKkS99,https://search.pstatic.net/common/?autoRotate=true&quality=95&type=w750&src=https%3A%2F%2Fldb-phinf.pstatic.net%2F20201228_247%2F1609147753246WDtFS_JPEG%2FPoZyixut4yGY7QGspCdODmSZ.jpg,https://search.pstatic.net/common/?autoRotate=true&quality=95&type=w750&src=https%3A%2F%2Fldb-phinf.pstatic.net%2F20210202_64%2F1612269399183rLjvg_JPEG%2FcKLYtPSOTQmJQy4RkyF3AzOS.jpg
한라산 지구,한라산게스트하우스,제주 제주시 제주대학로 77,0507-1325-6198,"입실 17:00
퇴실 10:00","75,000 ~ 85,000","55,000 ~ 65,000","45,000 ~ 55,000",O,X,X,한라산 탐방 시 필요한 물품을 대여해주는 게스트하우스,http://naver.me/xfaR5bXP,https://search.pstatic.net/common/?autoRotate=true&quality=95&type=w750&src=https%3A%2F%2Fldb-phinf.pstatic.net%2F20201019_70%2F1603078460769y1p7w_JPEG%2FHB1-yS9NFsG4rApfP_ZDPSW5.jpg,https://search.pstatic.net/common/?autoRotate=true&quality=95&type=w750&src=https%3A%2F%2Fldb-phinf.pstatic.net%2F20200305_274%2F15834027820353zRxc_JPEG%2Fo6ignVScqQ1UJJS4-N_TXrSb.jpg
한라산 지구,또랑게스트하우스,제주 제주시 한북로 338,010-9282-2823,"입실 16:00
퇴실 10:00","27,000~30,000",X,X,X,O,X,한라산 무료 픽업 서비스와 등산 장비를 제공하는 게스트하우스,http://naver.me/GyeyVRy9,https://search.pstatic.net/common/?autoRotate=true&quality=95&type=w750&src=https%3A%2F%2Fldb-phinf.pstatic.net%2F20171205_181%2F1512442766105FyKCQ_PNG%2F%25A5%25EB.png,https://search.pstatic.net/common/?autoRotate=true&quality=95&type=w750&src=https%3A%2F%2Fldb-phinf.pstatic.net%2F20171205_7%2F1512442766894xxKUK_JPEG%2FKakaoTalk_20171128_134108041.jpg
제주시,위캔드히피 게스트하우스,제주 제주시 조천읍 선진안길 21,0507-1332-3965,"입실 17:00
퇴실 11:00","25,000","70,000",X,O,X,X,조용한 분위기에서 게스트파티를 즐길 수 있는 곳,http://naver.me/G3JXmfd7,https://search.pstatic.net/common/?autoRotate=true&quality=95&type=w750&src=https%3A%2F%2Fldb-phinf.pstatic.net%2F20220607_170%2F1654567787011IIBol_JPEG%2F92F1213F-74F9-4D75-A0E8-940340FA4E9E.jpeg,https://search.pstatic.net/common/?autoRotate=true&quality=95&type=w750&src=https%3A%2F%2Fldb-phinf.pstatic.net%2F20190704_276%2F1562225653835XTpvl_JPEG%2FIMG_2818.jpg
우도,초원게스트하우스&카페,제주 제주시 우도면 우도로 225 1층 초원게스트하우스&카페,0507-1414-6911,"입실 14:00
퇴실 10:00","30,000","60,000 ~ 80,000",X,O,O,X,우도 중심 언덕에 위치한 전망 좋은 게스트하우스,http://naver.me/FNmkE24j,https://search.pstatic.net/common/?autoRotate=true&quality=95&type=w750&src=https%3A%2F%2Fldb-phinf.pstatic.net%2F20180102_51%2F1514861970266zpK2l_JPEG%2FmpE0sQkCaEZwGV4W9-Ipx_Jz.jpg,https://search.pstatic.net/common/?autoRotate=true&quality=95&type=w750&src=https%3A%2F%2Fldb-phinf.pstatic.net%2F20180102_13%2F1514861985388HoAX8_JPEG%2FjTz0UeTNX-_63nUM8ZR05dw6.jpg
성산,성산 스테이션,제주 서귀포시 성산읍 성산중앙로 43,0507-1411-4201,"입실 16:00
퇴실 11:00","24,900","54,900 ~ 74,900","49,900 ~ 54,900",O,X,X,성산일출봉 정류장 근처 감성 숙소,http://naver.me/GJrFlNvb,https://search.pstatic.net/common/?autoRotate=true&quality=95&type=w750&src=https%3A%2F%2Fldb-phinf.pstatic.net%2F20201203_210%2F16070040064143B9YW_JPEG%2FJP-w3WqXsGyv2xKBAOZr6kpO.jpg,https://search.pstatic.net/common/?autoRotate=true&quality=95&type=w750&src=https%3A%2F%2Fldb-phinf.pstatic.net%2F20201203_199%2F1607003975857aBGSk_JPEG%2FwGeUeqTXtsIEbUxp2_mFaIZ7.jpg
성산,썬시티 게스트하우스,제주 서귀포시 성산읍 한도로 120,0507-1324-5910,"입실 16:00
퇴실 10:00","20,000~25,000","60,000",X,X,X,O,성산일출봉과 우도 근처 게스트하우스,http://naver.me/FLBKK7wb,https://search.pstatic.net/common/?autoRotate=true&quality=95&type=w750&src=https%3A%2F%2Fldb-phinf.pstatic.net%2F20211114_101%2F1636874201256XIU0y_JPEG%2F3E4915B8-F531-4F46-A003-EE504DED17C5.jpeg,https://search.pstatic.net/common/?autoRotate=true&quality=95&type=w750&src=https%3A%2F%2Fldb-phinf.pstatic.net%2F20210407_64%2F1617798532858DpHHr_JPEG%2FKakaoTalk_20210407_212520386_01.jpg
제주시,세화 온게스트하우스,제주 제주시 구좌읍 세화11길 18,010-3417-3335,"입실 17:00
퇴실 11:00","28,000","60,000","50,000",X,X,X,정원 11명의 소규모 인원이 묵는 감성적인 대화가 가능한 게스트하우스,http://naver.me/G2UVe97x,https://search.pstatic.net/common/?autoRotate=true&quality=95&type=w750&src=https%3A%2F%2Fldb-phinf.pstatic.net%2F20210810_113%2F1628557236085xAaYv_JPEG%2F2YLigd-P7eyCVmBWBZUW80XT.jpg,https://search.pstatic.net/common/?autoRotate=true&quality=95&type=w750&src=https%3A%2F%2Fldb-phinf.pstatic.net%2F20210302_295%2F1614688582774m0VjK_JPEG%2F1%25C0%25CE%25BD%25C7.jpeg
한림/협재,1미리 게스트하우스,제주 제주시 한림읍 협재6길 22-4,010-6566-6446,"입실 17:00
퇴실 11:00","35,000","75,000","45,000",X,X,X,협재 해수욕장 근처 고양이들이 많은 게스트하우스,http://naver.me/5HSEiEil,https://search.pstatic.net/common/?autoRotate=true&quality=95&type=w750&src=https%3A%2F%2Fldb-phinf.pstatic.net%2F20211213_293%2F1639386864665SzVOq_JPEG%2FKakaoTalk_20211213_175655854_05.jpg,https://search.pstatic.net/common/?autoRotate=true&quality=95&type=w750&src=https%3A%2F%2Fldb-phinf.pstatic.net%2F20211213_16%2F1639386865966u98R7_JPEG%2FKakaoTalk_20211213_175655854_25.jpg
한림/협재,동행in협재,제주 제주시 한림읍 협재1길 27 1층 동행in협재,0507-1393-3556,"입실 16:00
퇴실 10:00","30,000","80,000~90,000",X,X,X,X,21년에 오픈한 협재 해수욕장 근처 조용한 숙소,http://naver.me/Fsl6a7eZ,https://search.pstatic.net/common/?autoRotate=true&quality=95&type=w750&src=https%3A%2F%2Fldb-phinf.pstatic.net%2F20210429_122%2F1619622791925tGTCm_JPEG%2FBDseq3fc6K36znMVmfkbxBun.jpg,https://naverbooking-phinf.pstatic.net/20210416_28/1618557911487imhCY_JPEG/E6525989-CBB5-4326-A45F-B6246F7AFF6C-23218-00000A717BEB4B4D.jpg
한림/협재,호랑이주택,제주 제주시 한림읍 명랑남길 17,0507-1310-5321,"입실 16:00
퇴실 10:00","25,000","40,000","45,000",X,X,X,분위기 있는 인테리어와 조명이 인상적인 게스트하우스,http://naver.me/FT0knM48,https://search.pstatic.net/common/?autoRotate=true&quality=95&type=w750&src=https%3A%2F%2Fldb-phinf.pstatic.net%2F20180501_157%2F15251437223616SBe6_JPEG%2FcBaH3F6PDAsS2_MbF4FlWWpe.jpg,https://naverbooking-phinf.pstatic.net/20200603_221/1591113321054fdcUa_JPEG/IMG_3178.jpg
애월,제주도 애월 파티하는 오누 게스트하우스,제주 제주시 애월읍 애월로2길 7 1층 오누게스트하우스,0507-1307-3614,"입실 17:00
퇴실 11:30","25,000","60,000",X,X,X,O,스트릿패션과 힙합을 좋아하는 혼행자에게 최적의 숙소,http://naver.me/5Y1q82IA,https://search.pstatic.net/common/?autoRotate=true&quality=95&type=w750&src=https%3A%2F%2Fldb-phinf.pstatic.net%2F20200331_21%2F1585635948671oeSxE_JPEG%2FKakaoTalk_20200330_212259110_01.jpg,https://naverbooking-phinf.pstatic.net/20180405_235/1522860190513wjnih_JPEG/07.jpg
애월,카프리애월 민박,제주 제주시 애월읍 애월로4길 18,0507-1353-7978,"입실 17:00
퇴실 10:00","25,000~30,000","75,000~80,000",X,X,X,O,이자카야 느낌의 안주를 맛볼 수 있는 게하 파티,http://naver.me/GNyUOLau,https://search.pstatic.net/common/?autoRotate=true&quality=95&type=w750&src=https%3A%2F%2Fldb-phinf.pstatic.net%2F20220615_202%2F1655300515222RaJdW_JPEG%2FKakaoTalk_20220615_222122654_02.jpg,https://naverbooking-phinf.pstatic.net/20171228_245/151445867263194EQo_JPEG/KakaoTalk_Moim_72CMPAqLFULIPaTMoHAssX3n5YGhgd.jpg
함덕/구좌,꼬르동게스트하우스,제주 제주시 조천읍 함덕29길 25-4 꼬르동게스트하우스,0507-1313-5438,"입실 17:00
퇴실 11:00","35,000",X,X,X,X,X,소규모로 운영되어 조용한 이야기를 나눌 수 있는 게하,http://naver.me/5Amce1RI,https://search.pstatic.net/common/?autoRotate=true&quality=95&type=w750&src=https%3A%2F%2Fldb-phinf.pstatic.net%2F20200926_22%2F1601093541692I63Jy_JPEG%2Fimage.jpg,https://search.pstatic.net/common/?autoRotate=true&quality=95&type=w750&src=https%3A%2F%2Fldb-phinf.pstatic.net%2F20200923_114%2F1600845913519YUG6a_JPEG%2Fimage.jpg
함덕/구좌,함덕 조용한 게스트하우스,제주 제주시 조천읍 함덕14길 28-2,010-4332-5794,"입실 17:00
퇴실 11:00","35,000","75,000",X,X,X,X,밤 9시에서 11시까지 게스트들끼리 이야기를 나누는 문화가 있는 게하,http://naver.me/IDB1O54f,https://search.pstatic.net/common/?autoRotate=true&quality=95&type=w750&src=https%3A%2F%2Fldb-phinf.pstatic.net%2F20200719_131%2F1595143663168SPyIU_JPEG%2F4VxCdjL2rtHAvTNONkZkhewF.jpg,https://search.pstatic.net/common/?autoRotate=true&quality=95&type=w750&src=https%3A%2F%2Fldb-phinf.pstatic.net%2F20200719_230%2F1595143685946mOqan_JPEG%2Fh0dULEcSWjSHShxP00NcHkRo.jpg
함덕/구좌,바바호미 게스트하우스,제주 제주시 조천읍 함덕서4길 60-21,010-4256-0956,"입실 17:00
퇴실 11:00",X,"65,000~70,000","40,000",O,X,X,함덕 근처 파티없는 아늑한 숙소,http://naver.me/IFjFSXXD,https://search.pstatic.net/common/?autoRotate=true&quality=95&type=w750&src=https%3A%2F%2Fldb-phinf.pstatic.net%2F20190411_193%2F1554985287311mVWBk_JPEG%2FIMG_3993.jpg,https://search.pstatic.net/common/?autoRotate=true&quality=95&type=w750&src=https%3A%2F%2Fldb-phinf.pstatic.net%2F20190401_105%2F1554126991600KnrhO_JPEG%2F4VgMWzrA2VUoCmB8Wv7TFZMf.jpg
함덕/구좌,함덕 촌따이 게스트하우스,제주 제주시 조천읍 함덕30길 20-13,010-2848-2722,"입실 16:00
퇴실 11:00","28,000","56,000",X,O,O,X,함덕 해수욕장 근처 여성 전용 게스트하우스,http://naver.me/FNmKqqlA,https://search.pstatic.net/common/?autoRotate=true&quality=95&type=w750&src=https%3A%2F%2Fldb-phinf.pstatic.net%2F20210129_86%2F16119110513373jdnp_JPEG%2F%25BF%25DC%25B0%25E6.jpg,https://naverbooking-phinf.pstatic.net/20220425_40/16508670777849GWdu_JPEG/KakaoTalk_20220425_150705228.jpg
함덕/구좌,무거 오션뷰펜션카라반,제주 제주시 조천읍 조함해안로 356,010-6260-9737,"입실 15:00
퇴실 11:00","80,000","120,000","180,000",O,X,바베큐 인당 2만원,함덕 바다 옆에서 즐기는 야영,http://www.moogerpension.com,https://search.pstatic.net/common/?autoRotate=true&quality=95&type=w750&src=https%3A%2F%2Fldb-phinf.pstatic.net%2F20220629_276%2F1656481075412lr4Vl_JPEG%2Fimage.jpgg,https://search.pstatic.net/common/?autoRotate=true&quality=95&type=w750&src=https%3A%2F%2Fldb-phinf.pstatic.net%2F20220629_55%2F1656481079320QJjlW_JPEG%2Fimage.jpg